{
  "version": 1,
  "author": "Beatriz Santos",
  "editor": "wokwi",
  "parts": [
    { "type": "wokwi-breadboard-mini", "id": "bb1", "top": 17.8, "left": 199.2, "attrs": {} },
    { "type": "wokwi-arduino-uno", "id": "uno", "top": 58.2, "left": -115.8, "attrs": {} },
    { "type": "wokwi-dht22", "id": "dht1", "top": -86.1, "left": 225, "attrs": {} },
    {
      "type": "wokwi-resistor",
      "id": "r1",
      "top": 72,
      "left": 181.85,
      "rotate": 90,
      "attrs": { "value": "330000" }
    }
  ],
  "connections": [
    [ "dht1:VCC", "bb1:4t.a", "", [ "$bb" ] ],
    [ "dht1:SDA", "bb1:5t.a", "", [ "$bb" ] ],
    [ "dht1:NC", "bb1:6t.a", "", [ "$bb" ] ],
    [ "dht1:GND", "bb1:7t.a", "", [ "$bb" ] ],
    [ "r1:1", "bb1:4t.b", "green", [ "h0" ] ],
    [ "r1:2", "bb1:5t.d", "green", [ "h0" ] ],
    [ "uno:3", "bb1:5t.d", "cyan", [ "v-86.4", "h-5.6" ] ],
    [ "bb1:4t.e", "uno:5V", "red", [ "v192", "h-9.6" ] ],
    [ "uno:GND.2", "bb1:7t.e", "limegreen", [ "v28.7", "h215.1" ] ],
    [ "r1:1", "bb1:1t.c", "", [ "$bb" ] ],
    [ "r1:2", "bb1:1b.g", "", [ "$bb" ] ]
  ],
  "dependencies": {}
}