{
  "version": 1,
  "author": "Beatriz Santos",
  "editor": "wokwi",
  "parts": [
    { "type": "wokwi-breadboard-mini", "id": "bb1", "top": -30.2, "left": 84, "attrs": {} },
    { "type": "wokwi-arduino-uno", "id": "uno", "top": 10.2, "left": -231, "attrs": {} },
    { "type": "wokwi-dht22", "id": "dht1", "top": -38.1, "left": 100.2, "attrs": {} },
    {
      "type": "wokwi-lcd1602",
      "id": "lcd2",
      "top": 121.6,
      "left": 72.8,
      "attrs": { "pins": "i2c" }
    }
  ],
  "connections": [
    [ "lcd2:SCL", "uno:A5", "green", [ "h-9.6", "v57.9" ] ],
    [ "lcd2:SDA", "uno:A4", "green", [ "h-19.2", "v77" ] ],
    [ "lcd2:VCC", "uno:5V", "red", [ "h0" ] ],
    [ "lcd2:GND", "uno:GND.2", "black", [ "h0" ] ],
    [ "bb1:3b.j", "uno:5V", "white", [ "v0" ] ],
    [ "bb1:4b.j", "uno:3", "blue", [ "v0" ] ],
    [ "bb1:5b.j", "uno:11", "green", [ "v0" ] ],
    [ "bb1:6b.j", "uno:GND.2", "black", [ "v0" ] ],
    [ "dht1:VCC", "bb1:3b.i", "", [ "$bb" ] ],
    [ "dht1:SDA", "bb1:4b.i", "", [ "$bb" ] ],
    [ "dht1:NC", "bb1:5b.i", "", [ "$bb" ] ],
    [ "dht1:GND", "bb1:6b.i", "", [ "$bb" ] ]
  ],
  "dependencies": {}
}