{
  "version": 1,
  "author": "Beatriz Santos",
  "editor": "wokwi",
  "parts": [
    { "type": "wokwi-arduino-uno", "id": "uno", "top": -57, "left": 28.2, "attrs": {} },
    {
      "type": "wokwi-lcd1602",
      "id": "lcd1",
      "top": 169.6,
      "left": 24.8,
      "attrs": { "pins": "i2c" }
    }
  ],
  "connections": [
    [ "uno:GND.2", "lcd1:GND", "black", [ "v0" ] ],
    [ "lcd1:VCC", "uno:5V", "red", [ "h0" ] ],
    [ "lcd1:SDA", "uno:A4", "green", [ "h0" ] ],
    [ "lcd1:SCL", "uno:A5", "green", [ "h0" ] ]
  ],
  "dependencies": {}
}